Submission Date,C1: Hallway (Control),S1: Grief Response,S2: Workplace,S3: DV Direct,S4: DV Third Party,S5: Addiction Relapse,S6: Child Disclosure,Age,Education,Field,Gender,Reflection,Source
2026-03-18,Okay,I am so sorry to hear that! I'll be praying for you. Let me know if I can do more.,There are some good points to your plan. However have you thought of the legal implications of this legal area?,I hope things are okay. What did you have in mind?,That's a tough situation. Maybe ask her if she would be concerned if you were being treated the same way?,"I'm sorry it's been rough, why don't you come over for dinner sometime soon.",Maybe just ask her to tell you more about the ŌĆ£gamesŌĆØ and ask her how it makes her feel. Then you'll know if there's anything to be concerned about.,45 to 54,Graduate degree,Healthcare / social work,Woman,,organic
2026-03-18,I'm fine. Good to see you!,I understand. I'm so sorry. Let me know if you need anything.,I noticed you didn't mention your contingency plan for this gray area. Do you have ideas lined up in case you run into any undesirable restrictions?,I miss you too but are you okay? This seems like very controlling behavior.,"Maybe you should ask your friend if the jealousy escalates past this. Isolated it can be harmless but if it's a pattern, you're right to be worried.",Why don't you come over and we'll throw something on the grill? It's been too long!,Try to ask questions that aren't detailed and let her lead you to the answers. I'm so sorry yall are going through this.,25 to 34,High school / GED,Other,Woman,,organic
2026-03-18,Hi!!!!,Oh honey I am so sorry for your loss. Just know that I am praying for you and with you. I will be in touch love. God bless,"Hmmm, let me ask a question about this part right here. Have you talked to someone to see what implications may arise?",Sure girl. Just let me know when and where. See you soon.,"Well, she is your friend. Just be there for her if your suspicions are right.","Hey girl! Yes I  remember it LOL! So happy we've moved on from that. We should have lunch some time and catch up 
 Stay well.","OK, this sounds scary. Reach out to a a hot line for advice about how to approach your ex. In the meantime definitely figure out lines of communication with your baby. She has to know that secret games with adults are never appropriate.",55+,Graduate degree,Education,Woman,I tried to be thoughtful and open. I don't want to seem pushy or like I know it all. I also don't want to think the worst in people.,organic
2026-03-18,Fine thank you,Really sorry to hear this. Please keep in touch always available.,I can see an issue you've possibly overlooked and needs addressing before you can submit it.,That's fine - you're welcome to come over anytime and we can catch up on stuff,Arrange to meet up with your friend so you can verbally find out if there are any real issues going on,I'm like you not drinking these days so would prefer to meet up in new cafe nearby,May be nothing but worth investigating by asking daughter to discuss what these games involve and act out these games,55+,Bachelor's degree,Education,Man,Being honest and direct without panicking or not replying to them.,organic
2026-03-18,"good, you?","oh my gd... ty for telling me. i'm here if you wanna talk, just call me okay?","this is a lot of work you've put in! hey, maybe i'm missing something, but wouldn't [gray area] be an issue legally?","i miss you too! definitely, let's hang out - when are you free? i have time this weekend. we have GOT to catch up!","definitely not cool that her partner does that. you can have whatever opinion you have, and agree that we don't want to make her feel like telling you was like, something that made you judge her or whatever. maybe see if she brings it up again and then ask more about it? like maybe it was a lowkey cry for help or trying to see if it's a big deal yknow?","hey man good to hear from you! yeah, i remember the place but idk if it's still open. wanna grab a coffee saturday morning and catch up? it's been a rough week for me too but hearing from you is awesome.","thanks for asking me - you're already doing the right thing by taking her seriously. you won't traumatize her by asking questions. it's more important to get information than to phrase things carefully. call me if you want, otherwise i can keep texting and send you some resources.",25 to 34,Bachelor's degree,Education,Non-binary,"with old friends or people who are facing risk (sound like they might relapse, or kid might be being abused) i was way more like ""please talk to me, call me, let's hang out!""",organic
2026-03-18,Great. How are you doing?,"I know words are not enough. I'm so sorry but please know I am here to show up for anything you need, even just a shoulder to cry on.",I can see you worked incredibly hard on this it's great. Would you mind if I made a suggestion?,Absolutely. I'm here for you.,"Take her/him to coffee and just start talking see if the subject is brought up and ask questions without being accusatory. End your conversation, based on your gut with just remember I'm here if you need me.",Hey I've been thinking about you want to go grab a coffee tomorrow? Let's catch up.,Set up a therapy session for the two of you with a professional so you can have the proper tools to navigate.,55+,Bachelor's degree,Law / legal,Woman,Be open and available without being judgmental or intrusive.,organic
2026-03-18,Smile back and wave.,"Thank you for keeping me in mind during this difficult moment. My condolences, so sorry for your loss. Please let me know if you need anything.","I would be honest, let them know there is a possible flaw in their idea.",The fact that you said don't tell my husband is an automatic no for me. No thank you.,"Remind them that personal relationships can be tricky and while we may want to involve ourselves, it may not be in our best interest to protect our friendship.",What's going on? What's been rough? Let's do dinner instead at some other place and talk things through and have some fun.,"Discuss this with the father, he needs to be aware or maybe he is aware and can explain the situation. Start with that first before jumping to worst case scenario.",25 to 34,Some college,Other,Woman,,organic
2026-03-18,"I'm well, how are you?","Oh, I'm sorry to hear that. I know you were close. My heart aches for you.","That looks mostly good, but there might be a legal issue that should be looked into before you submit.",I would make arrangements to meet with them to see what is going on.,"I would encourage my friend to get more information to make sure their friend is not in an abusive relationship, and if so, encourage their friend to get help before it escalates.",You need to meet them somewhere else today and find out what is bothering them. Talk to them about whatever it is. Try to encourage them to reach out to AA.,You need to let her dad know and insist that he not allow the other man to ever be around your daughter and report it to the police. This sort of thing should never be ignored.,55+,High school / GED,Education,Woman,I went on my gut reaction to each situation.,organic
2026-03-19,Good morning!,"Im so sorry for your loss!  Was it unexpected, or was he seriously ill?",This looks like a great plan!  You must have put many hours into it. I see where there might be a legal issue to work out in the revenue section.,Of course. I would love to visit with you. Just tell me when you are available.,"Invite your friend to lunch and a friendly visit. She might share more concerns about her relationship. She probably wants to talk about it because she ""opened the door "" with the comment about checking the phone.",I would love to get together. There is a Starbucks on 3rd. Can we meet there?,"Ask for more information about the games without asking leading questions. If the games are innocent, you will know, but should talk to the father. If the games are not innocent, you don't want to taint the witness account with leading questions. Call Children's Services.",55+,Graduate degree,Education,Woman,,organic
2026-03-19,"doing good, how're you doing?","oh shit im so sorry, let me know what i can do, i have time today to get together and talk","hm it looks good, i like x y z, but honestly i think you should double check the revenue stream cause investors may be skeptical with legality",hey i can hang but you have to tell your husband im not going to do secrets,"hmm thats concerning, you should have a sit down with her and get a more complete picture. if hes just goofing around thats one thing but if shes feeling unsafe cause of his jealousy she may need to rethink her relationship with him","hey man, doing good. sorry your weeks been rough but lets do something else, havent you been sober for two years?","you need to talk to her very carefully and record the conversation. ask what they did, where they did it, ask her more about the game and if she says its a secret you can tell her they meant its a secret to keep from other kids but not mommy and daddy. at bare minimum tell your ex what his daughter said, you also need to talk to the police",18 to 24,Bachelor's degree,Technology,Man,,organic
2026-03-19,"A quick smile back and respond ""I'm good, thanks!"" without stopping them.","""I'm so sorry to hear that. My condolences and prayers go out to you and your family. If there's anything you need from me or anything I can do to help, please don't hesitate to reach out.""","""I think it looks good! My only concern is this area right here. Are you confident the investors will buy into this with this legal situation? Other than that, looks great!""","""It sounds like us hanging out would make things complicated whether we tell someone or not. I miss you too, but I don't think we should be doing anything in secret.""","""Let her know your thoughts on the matter and how you don't think its right for someone to check their partner's phone. You can list things like a lack of trust or if the relationship has any other red flags. If she disagrees though, I would leave it at that and not press too much. After all, its her relationship, not yours.""","""I remember, they were some good times. But you're not planning on going back are you? Thought you quit for a reason?""","""You should definitely ask questions, especially if you don't know this friend of his. I would reach out to her dad about who the friend is. I would also ask very vague questions to your daughter about what her and this friend do. Or if you don't feel comfortable doing that, you could always seek out a professional children's therapist that has experience in the area.""",18 to 24,Bachelor's degree,Other,Man,,organic
2026-03-20,Hey! I'm good! What about you?,My condolences.,"Oh wow, this is cool. When do you expect to hear back from the investors after you submit? Are you nervous? Anxious? Excited?","Sure. Thanks for reaching out. When do you want to meet? Miss you, too.","Oh no, this doesn't look good. I think you should because that is a red flag.",I've been good. Sorry to hear you've been having a tough week. Please don't go to the bar. Do you want to talk?,We need to go to the police.,25 to 34,Graduate degree,Healthcare / social work,Woman,,organic
2026-03-20,Good and you!,"I'm so sorry, lf you like to chat call me on here for you.",Looks great just a few things l might tweek. Do you want me to explain?!,Sure stop by.,I think she needs to talk to her partner on why she feels she needs to check his phone!,Not sure haven't been in years!!,Talk to her or get some family therapy.,55+,Some college,Other,Woman,Life experiences and lessons. Living and learning from the mistakes that you make in life,organic
2026-03-20,Good,"Oh my god, I'm so sorry. I'll be right over unless you need your space.",That's awesome! Have you run this by a legal consultant?,I'm sorry I can't. I would need to let my wife know that I was meeting with you and you've asked me not to tell anyone.,Just be there for her. There's obviously stuff going on between them and she needs you to support her.,"Not sure, haven't been there in ages. Thanks for reaching out. How are you doing?",Take her to the police station now. There are people who are trained to talk to children that can help you. That ŌĆ£friendŌĆØ needs the wood chipper feet first.,25 to 34,High school / GED,Other,Man,,organic
2026-03-20,Good enough,I'm very sorry to hear that.,"Before you submit this, you might want to look this","As interesting as that sounds,I don't think so.",I think that would make me uncomfortable.,Sounds like trouble to me.,Have a talk with the adult.,55+,Some college,Technology,Man,Not really.,organic
2026-03-20,"Hey! I'm good, how are you?",I am so sorry to hear about your dad! I am on my way to your house.,"Love the approach. Honestly, not an expert here though. Have you ran it by any legal expert to make sure there are no grey areas?",Hey! Let me know when and where and I will be there!,I think that we get in our own head about things that we make up. Have a conversation about it.,"Hey! I don't know, but I know Starbucks is-- let's go!","I hate to hear that there are even any of these thoughts going through your mind. Reach out to her dad! Just because the two of you don't talk, doesn't mean that her best interest isn't at the forefront of both of your minds. If he doesn't seem concerned, ask your daughter to show you what the games are.",25 to 34,Bachelor's degree,Other,Woman,,organic
2026-03-21,A nod and soft polite smile of ŌĆ£doing goodŌĆØ and a raise of hand as acknowledgment,"My deepest sympathies and if you need anything let me know, I'm here even if it's just to talk. Much love.",I would look at it closely in physical action to give the feeling of looking closely.  I then would agree this is great but this part ( the one in question) if I had this brought up how should I react? What do you think? Just an idea?,Hey! Yes would love to see you! If anyone asks we could be reviewing my speech about a new account! Could definitely use a sound board! But of course just us!,"Hmm that is worrisome, I would make it routine to call and could be said you want to strengthen the friendship cause of how much you guys mean to each other. If you ever wanted to ask her directly I would do it only in person and nothing in writing so you can see a physical response, don't want to jump but also not ignore.","lol yeah who knows, Covid shut down a lot of places. My husband and I usually just loook for good food. Could join? Most places don't have a bar.","This situation must be addressed very carefully and quickly.  First no leading questions and no situations alone. Give an easy smile and say hey my friend may be able to help her. With no words show a SA report way, Men and multiple at that playing a secret game , this is nothing normal and needs professional help and also know staying quite could get you even as the parent in trouble.  I now know , I will give you x hours to report I do.",35 to 44,Some college,Healthcare / social work,Woman,,organic
2026-03-21,"Good, Good! ""Name of person"" and you?
  Why the rush.... ","Oh. You wanna meet up and get a drink right now?
","Wow, this looks great, but i do see something you might want to address before next week. *Points out the issue. This could be an issue that might lose the investor and land you into more trouble.
","Look we had fun, but your married now and i am a married man myself. I love my wife and will not risk it for anyone. Doing this behind your husband back will only crack your relationship with him. I'll meet with you if you bring your husband and i bring my wife. Otherwise let pretend this never happened. It was great hearing from you. 
     The one that got away -Carols Orbitz Reeves","If i were you. I would support her and keep in contact regularly. If things escalate then call the police. Spouse get jealous or feel insecure about something, maybe recommend a therapist for them to go see.
 May Jesus help you -Carlos Obitz Reeves","Yeah man it been some time. After Collins death we all kinda drifted apart. I remember his dad running that bar for 35 years, before Collin took over. I think it was taken over by Chris around 3 years ago. You remember Chris, the one who always hung around that place and helped out with serving customers. I think the place is still open and running great. You should come down and get a cold one with me. 
    Best buddy -Carlos Obritz Reeves","File a report and talk to the judge about the child welfare. This could be really serious and we should joke about these things.
 -That man done messed up now -Carlos Jailer Reeves",25 to 34,Bachelor's degree,Other,Man,,organic
2026-03-21,"Fine, thanks",Thanks for telling me,I'm not sure how legal that part is,"I would, but I'm not sure why it has to be a secret",Maybe wait and see if it escalates,"Sure, but I know a good restaurant that might be better",,18 to 24,High school / GED,,Woman,,organic
2026-03-22,"Good thanks, you",I am so sorry to hear that. This is shocking news and I am not sure what to say. Ill be here if you need. Let me know if there is anything I can do,"Aw this look great x, you've really put in so much work in it! Thats a lot of hardwork and seems to existing! Would you be ok if I gave some feedback to help it be slightly more tighter for submission?","Hey lovely to hear from you, hope you are well. Would love to hang out and have missed you! Are you sure its a good idea to not tell anyone?",The best thing you can do is be a friend that you have always been rather than pushing her away. You dont have enough info on whats going on and pushing her means that if he is like as you assume he wins. Just be there for her,"Hey hun, sorry its been rough. Do you want to come to mine and we can chat? Maybe we can go and see if its still open and have nice walk there.","Omg this is worrying, how are you doing? Call me if you need to talk and Get her to act it out with the dolls and tell the dad immediately. Please stop sending her there right nkw and get her checked by a doctor.",25 to 34,Graduate degree,Healthcare / social work,Woman,,organic
2026-03-22,"Good thank you, yourself?","I;m here for you if you need anything...
you can call me anytime.
im always here for you","I love the idea and I think its great, 
however I think we can also try x y and z.","are you okay?
you husband sounds very controlling 
but yes, we can hang out.","ooo this sounds tough
I think u should try taking to her about it for and see from there
however not much you can do from your end though except for being there for her when she needs it.","hey there! love to catch up, 
ive actually been really wanting to go to this (other restaurant), the vibes look really good.
we can meet there at 5:00?","ask her to play the games with you to see her reaction, maybe then you would be able to piece together the situation better. 
I think this is very concerning though..
they let your daughter stay with you more.",18 to 24,Bachelor's degree,Healthcare / social work,Woman,,organic
2026-03-22,"That's good, how about you?",Hearing this makes me very sad. I'm always here if you need me.,"Let me state my conclusion first: this direction has potential, but your current profit model is very risky and may get stuck on compliance issues.","Hey,

I miss you too. Hearing you say that makes me a little worried that something might be wrong.

But what you just said, ""Don't tell your husband,"" makes me a little uncomfortable, and I don't really want to meet alone under these circumstances. To me, it would only complicate things, not simplify them.

If you need to talk to someone, or if you're really facing difficulties, I'd love to be there for you in a more open and honest way. You can tell me about your current situation, and we can think of a more suitable approach together, okay?

I'm here.","If you ever feel something's not right, or just want to chat, I'm here for you.","I still remember that time, but I'm more concerned about how you are doing now.","What you're saying really seems a bit off, and it's good that you're concerned. Don't panic. Find a time when she's relaxed and gently ask her what happened. Let her tell you herself; don't guide her. Remember to tell her it's not her fault and that she's right to tell you.

In this situation, I think it's best to consult a professional as soon as possible for peace of mind. Until things are clear, try to prevent her from having any further contact with that person alone.

If you need someone to help you think about this, I'm here for you.",25 to 34,Bachelor's degree,Other,Woman,,organic
2026-03-22,"Good, how are you?","Dear, I am devasteted. When can I call you?","(compliments first, then) there is this one thing i don't neccessarily understand. how is this legal situation looking like?","Sure, when?",can we talk on the phone? i. need more details,Thank you for thinking of me. I hope you are well too,,18 to 24,Bachelor's degree,Technology,Woman,,organic
2026-03-22,"Fine, thank you","I am so sorry, where are you? I will go to your house","This is great, i can see the potential. But,  can i say something? Maybe you can considered about this one, i think it'll make problem if you dont get solution","Sure, but are you sure you dont tell to your husband? He will worried about you","first, i think you have to make sure her condition and if she is not fine, give her advice from your perspective about this problem, advantage and disadvantage...","Well, i am good. I really hope you are good too. Wanna hang out?","You have to tell your worried to your exhusband first. Tell him slowly about this one so you both can discuss it. After that, getting some proof and ask your daughter slowly and soft so it can't make her to traumatize",18 to 24,Bachelor's degree,Prefer not to say,Woman,"I dont know, but maybe i can said i have empathy",surveyswap
2026-03-22,Smile,My condolences,I tell the mistake,Tell him and cum,Communicate with him,Gud,Consult,25 to 34,Graduate degree,Education,Woman,Truth triumphs,surveyswap
2026-03-22,Doing good!,"I'm so sorry for your loss. If you ever need someone to talk to, I'll always be here if you need an outlet to let your emotions out. Take your time to process everything, no rush.","I think it's a great idea! However, I'd be a bit concerned about the legal gray area here. The investors might not let that through.","Hey, long time no see! I don't know if I feel comfortable without your husband knowing, sorry!","Be there with her. If she doesn't want you to push, I say keep being there and showing up for her. Presence is critical, and if things really do start to escalate, you may need to take on more of an active role and express your thoughts to her.","Hey! I'm doing pretty decent. I do remember the bar we used to go to, and I think it closed down recently. Even though we don't talk much anymore, I'm always here if you want to vent about your week. Times can be frustrating, but you'll make it through. I believe in you.","Take it to her dad and have a conversation with him. If he won't say anything (and is possibly covering for his friend), then ask her questions. But be gentle with her when asking questions. If she's visibly uncomfortable, I'd drop the questioning and keep a close eye. If the behavior continues, I would educate her. Talk about safety and privacy, etc.",18 to 24,High school / GED,Prefer not to say,Woman,"Many of my responses, I usually answer the question given to me, but if there is a conflict, I would give a possible solution that the person in the scenario could do, and offer my support in any way.",surveyswap
2026-03-22,"I am good ,how are you",I am so sorry for your loss. Take care TH,There is a clear problem with your model of revenue and it can get you in legal trouble.i,i would not respond.,talk with friend indirectly,"well, yeah lets go but think for a minute and look back on past 2 yrs.",idk,18 to 24,Some college,Healthcare / social work,Man,"fast , tried to relate it to reallife when its relatable if not the response is very plain and fake",surveyswap
2026-03-22,"All good, thanks!","Hello, sorry to hear this... I'm free tonight if you want to come over and talk about it or just spend time together, that's also fine :)",Overall I think it's good! Just quick question did you check with the legal team about X and Y? We might want to make sure everything is feasible before we submit it to the investors.,"Hi, sure! If you have something you want to talk about, I'd be happy to catch up over lunch or coffee.","If they have an agreement between the two of them I don't see any problem but if you friend doesn't like it then she should try saying it clearly. And if the partner needs reassurance she should make sure to include him in her plans or at least let him know about it, I think that could help him trust her.",Hi! I don't hang out in bars anymore but if you want to catch up we can meet at this coffee shop I've been wanting to try.,"You should probably seek the help of some professional. I know some psychatrist specialize in child care you might want to reach out to one and try to know more about what happened? In any case, as long as you're not sure what this is all about you shouldn't let your daughter stay at her dad's if it can be avoided.",18 to 24,Graduate degree,Other,Woman,,surveyswap
2026-03-22,"""Hello. I'm fine, and you?"" I don't expect a response since they are in a hurry.","""Omg, I am so sorry for your loss! May his soul rest in Peace. If you need help with anything, just let me know!""","""Congratulations on completing the business plan! Upon review, I see an issue that might cause huge backlash. Please make changes before submitting it- I can also help you with it if you wish.""","""Hey, sure! What days will you be available? I miss you too.""","""I think you are right to be concerned. This is clearly a HUGE red flag. I think you should make more observations and mentally note down any other concerning things you see, like a scar, an action, or a commentary. Then bring it all up to her in-person so that she will begin to see that there is something wrong.""","""Hey, so sorry to hear you've had a rough week. Yes, I remember, but I don't think they still are. If you are free this weekend, wanna hop on a game with me? I think that might help you de-stress.""","""This is a serious issue. I think you should bring it up with her dad, so that he can confront that friend. Let me know how that goes!""",18 to 24,Bachelor's degree,Other,Woman,I think my responses may seem like I am a stranger to the people in this scenario.,surveyswap
2026-03-22,good,"oh my god, how are you feeling, im here if you need anything, do you need me to come over?","honestly, theres a gray area in it, i suggest we sit and fix it, the plan just needs a bit of fixing, and then itll be amazing youll definitely get it","hey, sure, what happened? of course  wont tell, we'll have some coffee and gossip :)","i get that, maybe try asking her, sometimes people answer questions when someone close it worried and its in private","dude, no drinking remember? we can get coffee or even better icecream","ask her dad, its always better to have open communication, and if you both feel weird about then ask the kid",18 to 24,High school / GED,Healthcare / social work,Woman,"mostly i was supportive, a bit frank but overall i wanted to help best of my abilities",surveyswap
2026-03-22,"I'm good, you?","Oh god, I'm coming over.","I really like it, but as a customer, I might be a bit reluctant here. So it's just a simple suggestion do you think you can change this part? It's just what I think would work out the best for you, you know! I want the best for you!","Yea sure, how are you though?",Maybe try to tell her it's not okay while you maintain fun boundaries. She clearly looks close to him and would definitely cut you off if you confront her directly. I'd suggest teaching her in a fun banter.,"Yeah, why not, let's hit up the place!",Talk to his dad. The ego comes later. Your daughter's safety comes first. I'm worried he might be doing dirty stuff with her. If his father knocks it off I'd suggest not letting your daughter go there. At least till his dirty friend stops coming by! And teach her about the bad touch so that she can report to a good adult.,18 to 24,High school / GED,Other,Woman,I was able to reflect on my responses and prepared me for different situations and how to think fast.,surveyswap
2026-03-22,I say ōgood and youö whilst walking as well.,"I'm very sorry to hear that. Let me know if there's anything I can do for you, even if it's just bringing you a big hug. You are not alone. Love u",I think it has really strong points like this and that but have you considered this? Maybe we can have a further look into it to make sure it's 100% flawless. I can help if you want.,Sure. Where and what time? Is everything ok?,"Hummm, it's complicated. You want to check on her and advise but without coming off as judgmental and make her shut you out. Perhaps just slowly and calmly ask her about it and how she feels but make it clear you're here for her regardless and she doesn't have to speak if she doesn't want to.","Heya, been thinking bout you as well. That sounds found but I've been a bit drained. What if you come over at mines instead and we play some game and have a chat?","Oh no, that's concerning. Ask her what games they play. Perhaps give her a doll and ask her to show it to you. Remind her she is not in trouble and she can tell you anything. If something inappropriate is happening, call the police.",25 to 34,Bachelor's degree,Prefer not to say,Woman,"Not really, some of scenarios have happened in my life so I used previous experience.",surveyswap
2026-03-22,hi,Don't be too sad.,?????????????????????????????????,ok,??????????????,????????????,???????????????????????????,18 to 24,Bachelor's degree,Prefer not to say,Woman,,surveyswap
2026-03-22,I'm good how are you?,I'm so sorry. Let me know if you need anything.,This is great but I think there are areas to make it even better. Shall we set up some time to go through it?,I don't think this is appropriate...,I think it really depends on your friend's dynamic with her partner. Maybe observe a bit more before you do anything?,Hey shall we grab dinner instead? I know a nice restaurant.,,25 to 34,Bachelor's degree,Other,Woman,,surveyswap
2026-03-22,good thanks,let me know when i can come over today,hey you should fux...,idk,talk to her,omg ya haha good u,,18 to 24,Some college,Law / legal,Woman,,surveyswap
2026-03-22,"Good, thanks! How are you?",I'm really sorry about your dad. I'm here for you.,"First of all, this is really impressive, you've clearly put a lot of work into it. One thing I'm a bit concerned about though is the revenue model. It seems like it might rely on a legal gray area, and I'd worry that could be risky with investors. Have you thought about how to address that or build a backup plan?","I miss you too, and I'd love to catch up. But I'm not comfortable keeping it a secret from your husband. Maybe we can hang out in a way that doesn't have to be hidden?","It makes sense that it didn't sit right with you. Things like jealousy and checking someone's phone can sometimes point to controlling behavior, even if it's joked about. You don't have to jump to conclusions, but it might be good to stay aware and be there for her. If you talk to her, you could keep it gentle just check in and let her know you've got her back if anything ever feels off.","Hey, I've been thinking about you too. I'm really glad you reached out sorry it's been a rough week. I'm here if you want to talk. And yeah, I remember that place, but maybe we could catch up somewhere low-key instead? Coffee or a walk?","I'm really glad you reached out. What your daughter said is concerning, and you're right to take it seriously. The most important thing right now is to stay calm and supportive with her. Let her know she's safe with you and that she didn't do anything wrong. Try to ask gentle, open questions like ŌĆśCan you tell me more about the games?' without suggesting answers or pressuring her. Don't promise to keep secrets if something isn't safe, you'll need to get help to protect her.
It's important to involve professionals as soon as possible this could mean contacting a child protection service, a pediatrician, or a child psychologist who is trained to handle situations like this. They can guide you on how to proceed and help make sure your daughter is safe. If you believe there's any immediate risk, don't wait contact local authorities right away.
You're doing the right thing by taking this seriously and looking for help.",25 to 34,Bachelor's degree,Education,Woman,,surveyswap
2026-03-22,yes I would smile back and say I am good,I would call my friend rather than writing a text,I would review it then based on plan share my honest feedback,if he/she is a friend I would definatily meet them if they were someone who doing it to get close to me and using it as an excuse I would excuse myself.,I would honestly advice them to leave their partner,will share some memroies,I think she should definatly ask the daughter  not direct but some more info the decription the probality it states it may be something abusive towards the child.,25 to 34,Bachelor's degree,Healthcare / social work,Woman,NOT SURE,surveyswap
2026-03-22,Good thanks! You?,I am so sorry. Sending my condolences to you and your family during this difficult time. I am here for anything.,It's really good! Just this one thing...... are you sure this won't cause any issues?,Of course! When can i see you?,I think we need to talk to her in private and see if shes okay.,Hey! I am well thank you. Yes i remember that bar. I've heard it's not too good now. Anyway how have you been? whats been going on?,Oh no. We need to talk to her dad and your daughter to get more details before we go to the police. Her safety and wellbeing comes first.,18 to 24,Bachelor's degree,Other,Woman,,surveyswap
2026-03-22,Hi. How are you.,ok. let me know if you want company.,"Tell me about the ""legal grey area"" part. Depends.",Ew. Fuck off.,None of my business.,no,none of my business,18 to 24,Bachelor's degree,Other,Man,no,surveyswap
2026-03-22,"I would also smile and say ""I'm good""",I am so sorry for your loss. Let me know when you feel comfortable talking about it. I am always here for you,I would suggest you take some professional advice before taking any decision,Sorry. You can call me if you want. But I don't feel good hanging out,There is nothing you can do about it. It is their relationship. If anything bad happens in front of you then you can speak up about it.,"Hey, bar? Weren't you sober for 2 years? what happened? Everything alright?",Talk to your husband first. Notice anything different that might be going on. keep an eye on his friend and see how often he pays a visit. If possible don't let your daughter to your husband's place for atleast a week or so till you have gathered all the information,25 to 34,Bachelor's degree,Other,Woman,Some things were out of real life conversations so it was easy to answer them,surveyswap
2026-03-22,"Good, how are you?",So sorry to hear that! I'll come over after work. You're not alone in this.,That's great work. I just realised one detail that we should look at again.,Sure :),"Talk to her again in a quiet setting. Be there for her, give her room to talk, dont talk over her",Hey :) lets meet for a coffee instead,,25 to 34,Bachelor's degree,Other,Woman,,surveyswap
2026-03-22,"Hey! I'm well, yourself?","Omg dear, thank you for sharing. I am extremely sorry to hear that. Where are you now? Can I support you anyhow? Please let me know when I can call you. Don't want to bother you but I am here and willing to help as I can.","That is wonderful! I love your hard work and dedication! Well done! Have you explored the legal area by any chance? I can see some grey area I am totally happy to provide you with some suggestions, if that's okay.",Hi lovely! I miss you too and looking forward to some alone time with you. Coffee/lunch tomorrow? Or what are you up to this evening?,"If you perceived something could be off/hidden and needs a bit more clarity, explore. Talk to your friend in a safe environment away from everyone else and be honest about your concern. Say you are there for her, what is going on?","Hey love, sorry to hear it has been one of those weeks. Same here, to be honest! Shall we catch up tonight/tomorrow? I look forward to seeing you!","Depending on your relationship with her dad, call him to find out more. Meantime, also call a counsellor. It is a serious concern and needs to be addressed by both parents and professionals/authorities.",25 to 34,Some college,Healthcare / social work,Woman,Good luch with your study!,surveyswap
2026-03-22,"Good, thank you!",I'm so sorry... I'm here for you if you want to talk,"It's a great idea, which you've put a lot of effort in! But you might want to consider *the grey area*, as it might affect your project outcomes.","Sure, when do u wanna meet?","I think it's not right, you should hint at the fact that possessiveness is very immature and signals mistrust.","Hey, let's meet some time this week. idk about the bar though, maybe we could go to a cafe?",,18 to 24,Bachelor's degree,Other,Woman,"When it comes to commenting on a problem that indirectly concerns the person (e.g., if they need advice concerning a friends's issue) I seem to be more straightforward",surveyswap
2026-03-22,Good you?,oh my godŌĆ” I'm so sorry for your loss. You know I'm here if you need anything - even a distraction,this isn't my area of expertise so I'll refer you to someone else with better experience,"of course we can!! I miss you too, what shall we do? Coffee date?",lets get together and go through the details and we'll see what we can do.,"hey! Hope everything's good. The bar is still open, they have non-alcoholic options too, got any time this week? We could head down for a catch up","discuss this with the dad and I'd go see a cbhild therapist who can get the truth out without causing any trauma, that sounds so suspicious and you're right to be worried",,,,,,surveyswap
2026-03-22,Good! How are you?,"Hi! I'm so sorry to hear that, if you need to talk to someone, you know I'm always here for you!! Sending lots of love <3","It looks great, just a little thing, it looks like the revenue model depends on (legal gray area), maybe you should look into that before submitting it!",Hii! I miss you too!! When are you free? I would love to see you soon too!,"That doesn't sound really good, have you talked to her about it? I think maybe you should grab a coffee with her and see how she is doing.","Hey! I've been thinking about you too! I have no idea if it's open still, do you want to go grab a coffee this week? We should catch up!!","That sounds like a difficult situation to deal with, maybe try talking to her in a normal way just asking questions about what she does when she's over there, without directly mentioning her dad's friend. If you hear something weird then maybe I would consider talking to her dad directly.",18 to 24,Bachelor's degree,Other,Woman,,surveyswap
2026-03-22,good you?,"im sorry mate, lmk if i can do anything for you",its really good. good luck,lmk when and where babes,uhhhh tough situation,im well thanks its still open we shopulfd plan sumn hope yuoure good too,idk,18 to 24,Bachelor's degree,Law / legal,Man,no,surveyswap
2026-03-22,I'm good thanks,"I'm really sorry for your loss, if you need to talk any time text me x","I think maybe change your revenue model,  to make it even better","Ok, tell me where and when. Don't worry I won't tell anyone","I think you have to leave her to figure it out, she'll think your overreacting but just mention gently to her, if you think it's wrong","Sorry, I'm busy at the moment, are you okay?","Maybe get out dolls with her and ask her to reanact it, so you can see",18 to 24,Bachelor's degree,Technology,Woman,I gently steer people in the right direction without being too assertive,surveyswap
2026-03-22,Good,Sorry for your loss,You should revise,Why?,Ask her or her husband for more context,Yea Im good how about you,"You should investigate more, start with her dad then her if he doesn't say anything",18 to 24,Bachelor's degree,Technology,Woman,Not really,surveyswap
2026-03-22,"Fine, what about you","I'm so sorry! I'm here for you, whatever you need","It looks great overall, but I'd be a bit worried about the legal side of the revenue model. Maybe it's worth checking that before submitting it.","I'd really like to see you too, but I don't feel good about keeping it a secret. Is everything okay with you?",That doesn't sound like nothing to me. It could be a red flag. Maybe just check in with her gently and let her know you're there if she ever wants to talk.,"Hey, I've been thinking about you too. I'm here for you. Maybe we can hang out somewhere that feels good for you right now?","That sounds really concerning, and I'm really glad she told you. Try to stay calm and gently ask her open, simple questions, and reassure her she can tell you anything.

I think it's important to take this seriously and consider reaching out to a professional (like a child psychologist or support service) for guidance on what to do next. You don't have to handle this alone.",18 to 24,Bachelor's degree,Education,Woman,,surveyswap
2026-03-22,Good how are you?,"Im so sorry he was a good guy, what can I do for you I can come over now if you need me and bring coffee and food",This looks really promising but let me ask you this [ask about the legal gray area],"Hey, yes that sounds nice lets plan something, are you okay?",Id hang out with her 1 on 1 and ask her in a non attackative way are you okay im worried about you. If she pushes it off there's not much else you can do without being too pushy so just tell her your there for her if she ever needs someone.,"Hey, why don't we meet up at [a local coffee place] and catch up?",,18 to 24,Some college,Technology,Woman,I noticed I come off friendly but not overly pushy,surveyswap
2026-03-22,"Good, how about you?","If you need anything, just call/text me",I really like it but did you check if it's legal for hundered percent? I don't want to be mean or anything I just recall it being in gray area,"Oh god, are you okay? Of course we can meet, what about thursday?",Maybe try to talk with her again? I don't like situations like that either,"Hi, tell me about it. That's sweet, of course I remember, maybe we'll grab a tea or coffee?","To be honest, talk with her dad, who this friend is? And maybe take her to a psychologist, they know how to talk with kids without traumatising them",18 to 24,Bachelor's degree,,Woman,,surveyswap
2026-03-22,will respond him back with a smile.,how are you?! must be hard for you,even though ill be jealous i will still do the right thing and tell the problem,back off,talk to her,hey! yeahhh the bar!!!!,,18 to 24,Bachelor's degree,Healthcare / social work,Woman,,surveyswap
2026-03-22,Good and you,My condolences man. If you want your own space for bit that's fine but don't forget I am here for you whenever you need and I can come over whenever you need me.,This looks really good but I would highly recommend changing the revenue model a bit. It seems to reliant on this grey area and I would be happy to help you fix this problem if you want before submitting it to the investors.,"Hey, I would love to but not letting your husband know is a bit odd. Why would that be?",If it was me I would give my opinion and show that I care about her as a friend. It is totally up to you and also of course depends on what kind of relationship you have with her. D not get into drama that you do not have to.,"Sure we can hang out let's do that. Just me speaking as a friend, but is it really a good idea to go to a bar when you have been doing so well the last years.",You need to talk to the dad about this. It sounds quite bad the way you have put and depending on what he says you can then maybe ask your daughter to ask to go in more detail because it is important.,25 to 34,Graduate degree,Other,Man,,surveyswap
2026-03-22,"Good, how are you?","That's a tragedy, would you like me to drop off some food?",Paradoxically if he is a true close friend I tell him because I don't want him to waste his time. But if he is my coworker and I don't really care I tell him it's awesome.,"I don't want to risk hiding anything from anyone, please don't ask me to do that again.","I can't decide for you, but I would voice my concerns but ultimately allow her to negotiate her own relationships.",Hope all is well. I'm good. We had some wild nights. You didn't give up on sobriety did you?,OMG. Brainstorm some questions and send them over ASAP.,25 to 34,Bachelor's degree,Other,Man,Some of these really did take me a few mins to write out. But they are all good and I stand by them.,surveyswap
2026-03-22,"Good, thank you. How are you?","I'm so, so sorry. If you need anything, please don't hesitate to reach out. I will keep your family in my prayers.","The idea is good, but I've noticed there's a slight problem with your model.","We can, but I think you should mention it to your husband so you avoid issues in the future.",That's her business. It shouldn't be an issue that pushes you away from her. Give her advice and keep her close.,I don't think that's the best idea. Alcohol will only temporary take away the pain but make it worse in the future.,,18 to 24,Bachelor's degree,Other,Woman,,surveyswap
2026-03-22,"good, you?","I'm sorry, is there anything I can do?","The idea is beautiful, but how did you solve problem x?","Okay, shall we meet at the bar?",It depends on how much you care about the person,"Hi, ""Yes or I don't remember,"" why? Do you want to go?","Micro video camera ­¤żŻ
I'm kidding, ask what they do for fun",18 to 24,High school / GED,Technology,Man,"Interesting, the last question seemed personal, as if it was put there to get a comforting answer for the author of the text.",surveyswap
2026-03-22,Good!,"I am so sorry for your loss! Let me know if you need anything from me, always here for you.",I really like it! Although I do see a potential problem with your revenue model that you may want to tweak.,"I do not know if that is the best idea, I will let you know",I would try to have a more in depth conversation with your friend,How are you doing? Is everything ok?,I would tell your husband right away before you do anything.,25 to 34,Bachelor's degree,Other,Man,I am more of a passive person and I think that is reflected in my responses. I do find communication easier over a text message.,surveyswap
2026-03-22,"fine thanks, how are you?",I'm so sorry to hear that. Is there anything I can do for you?,"Have you checked this (concern area)? I think your idea is amazing, but maybe you should check that again to make sure its legal","Hey, Sure! Happy to catch up.",Maybe you can try to talk to her again in a quiet moment.,"Hey, sorry to hear that. Hang in there! Do you want to catch up over coffee sometime?",I think it would be best to involve a professional. maybe a psychologist?,18 to 24,Graduate degree,Other,Woman,,surveyswap
2026-03-22,"I can see they're in a rush so it is respectful to just say ""Hi!"" back.","""Hey, thanks for letting me know. I'm sorry your dad passed away. If you need anything, don't hesitate to ask for help.""","""It's a cool idea. You can submit this to investors but I would revise the [legal gray area] beforehand if I were you.""","""Sure, we can hang out. And I won't let your husband know.""","""This does seem concerning to hear. I think it's best if you meet up with this person and get some clarity and reassure they're safe.""","""We can totally get some soft drinks. Like water, juice, a mocktail maybe?""",,18 to 24,Bachelor's degree,Other,Woman,,surveyswap
2026-03-22,hey what's up,"I'm very sorry to hear that, please let me know if I can be of any help.","I am sorry for saying this but .... 
again, I'm very sorry","hey, I miss you too. i hope everything is alright, we can meet ....",I think you should trust your friend to make the right decision for herself. you can perhaps talk to her and understand everything more better.,"hey, yes i remember the bar, fun times. but what happened, do you want to talk about it?",,25 to 34,Bachelor's degree,Healthcare / social work,Woman,"i am trying to see the hidden theme here, haven't yet",surveyswap
2026-03-22,"Good thanks, you ?","Hey, I'm so sorry to hear that. I hope you're ok and I'm always hear of you need me, just let me know ! Sending all my love x",It's a really great idea however there's an issue which I think you need to sort out or I'm afraid you might get shut down,"Hey, I would love to meet up. Is everything ok ? Is there problems going on with your husband, why would he have a problem with us meeting up ?","I think you're right, I would be concerned as well. I'd talk to her about it and tell her that's not normal behaviour that should be laughed off",Hey I hope you're doing ok ? Are you sure you wouldn't like to go somewhere else to meet up like a cafe ?,Hey that's sounds really concerning ! I would be very gentle with the situation and ask her if she could tell you what this secret is and what she gets up to with her dad's friend. If she doesn't want to talk about it then don't push it but I would immediately talk to her dad and tell him the situation and tell him she's not staying with him again until this is sorted out,18 to 24,Bachelor's degree,Other,Woman,,surveyswap
2026-03-22,"I am good, Thankyou","My condoloscenses are with you. thankyou so much for considering this in such a difficult time, i hope welll for you and your family and i am just a call away!",I believe you should go through the plan once more,I will be there,Nothing just dont overtink,Sure I will be there but how bout the cafe on the seventh,,18 to 24,Bachelor's degree,Other,Man,,surveyswap
2026-03-22,I would say hey,"Oh I'm so sorry... may your dad rest in peace, no worries, just take time for yourself","I think it's good, but are you sure about your revenue model?","Heyy sure let's hang, but let's also talk about your situation together. I just want to make sure you're okay","I think you should talk about it with her again but make sure not pressure her to get out of the relationship, it would not help her.","Hey, are you okay? If you need any company, I'm here but it would not be at a bar.",Is there not any other way to get information about this? I think her safety is the priority in any case.,25 to 34,Bachelor's degree,Other,Woman,,surveyswap
2026-03-22,I am alright! Thanks!,"So sorry for your loss. If you need me, you got my number","Shall we review this again together, if you don't mind?","Yes, sure. When are you available? And are you safe?",Complicated situation. Is she generally safe?,Hey! Thanks for reaching out. How are you!,,,,,,,surveyswap
2026-03-22,I'm fine.,I am so sorry to hear about your dad.  I send my sincere condolences to you and your family.  I hope you all find peace.,Can you explain more about abc - it is not clear to me how this will work.,Sure  - let me know when and where.,I think your intuition is correct.,Yeah - some weeks are hard.  Hopefully next week will be better.,I think you need to get your child to a therapist who can explore these feelings because adults don't tell children to keep secrets.,55+,Graduate degree,Technology,Woman,,surveyswap
2026-03-22,Good how are you?,I'm so sorry to hear that. Please let me know if you need anything.,"I'm so excited for you! Just so you know, there's something off with the revenue model.",Sure! Is everything ok,Have you tried asking her directly if she's ok?,Hey! Miss you. we should go check it out some time,"That's really scary. I don't really have experience with this, but I think it's better to ask her than not ask and risk the situation getting worse.",25 to 34,Bachelor's degree,Other,Woman,,surveyswap
2026-03-22,"I'm good, how are you? (but I won't really stop with the expectation that they want to keep the conversation going as they are heading somewhere)","hey (name), I'm so incredibly sorry for your loss. Let me know if there's anything you need or if you want to talk about it. Feel free to unload all your emotions if you want to.","This plan look amazing! It's really well thought out and I can see you put so much time and care into it. If I could just give you one tip, I can see here that your revenue model depends on ''legal gray area'', and this might be something that investors will judge very harshly as it makes your project potentially unreliable. We can work together to see what a better option might be to make sure your project is air-tight.","Hi, of course we can! No worries I won't tell anyone. I hope everything's okay.",That definitely sounds like a red flag. I think it would be good to plan to see her and then try to casually bring up what she said about her partner and make clear that as her friend and someone who cares about her you just wanna make sure that she's really okay.,"Hey, I'm sorry to hear it's been a rough week. Why don't you come over to my place and let's have some dinner so you can rant about it and get it all off your chest. Misery's better in company after all.",I would definitely try to talk to your daughter again. Keep it lighthearted but make clear that she shouldn't have secrets with other adults from mom and dad and that it's really important that she shares it with you. If she still doesn't want to answer I'd try to ask her how the secret game makes her feel and if it has anything to do with touching her or him. If she still doesn't answer I recommend contacting your ex anyway.,18 to 24,Graduate degree,Other,Woman,"Not really, I try to stay honest with people.",surveyswap
2026-03-22,"Doing good, how are you doing?","I am so sorry to hear about your dad's passing, remember I am there for you and if you need anything I am a call away.","Overall, it's a a very well structured project however I see a problem here that could impact your project so before you submit it fix that and you'll be good to go!","No worries, your secret is safe but remember healthy relationships are built on trust and honesty","I would take to your close one, and give her some phone numbers to hotlines and maybe therapists to ensure everything is safe.","Hey, hope all is good. I am not sure if they're open, but I've been craving a sweet treat. Would you like to come with and catch up?",,18 to 24,High school / GED,Prefer not to say,Woman,,surveyswap
2026-03-22,all good..  you?,I'm sooo sorry for your lost! god bless his soul and give you all the strength .. please let me know if i can help in any way ..,"that looks amazing .. your effort is clearly ovbious.. there is a slight point though that it might be a bit of a concern which is """".. are you aware that this might turn that bad?","hey, happy to hear from you.. and sure.. pick the time that works for you and let's catch up.. hope all good with you?",relationships are complicated .. just be aware that it might fire back at you.. so it depends on how dear is she to your heart to get this fire back.. if not  just gradually take yourself out of it.,Hey.. good to hear from you.. do you wanna catch up? i have a better place in mind a coffee place right at the corner with a friendly setup where we can talk.. how about that?,"look.. that' a very sensitive situation that you are in.. what i do know from those situations that you don't want to freak her out, instead let her feel safe till she is the one start talking.. and i would definitely recommend involving a child psychologist in that process .. that would be more knowledgable and able to even help further if needed.",35 to 44,Graduate degree,Technology,Woman,,surveyswap
2026-03-22,"Good, you?","Oh God I'm sorry to hear that
I know you said you're okay, but if you need anything I'm here for you, alright?
Happy to talk anytime, really","It looks good, I'm just a little worried about [thing], isn't that kind of a legal gray area? Might want to touch that up first","Honestly, assuming I had the husbands number and was on good terms, I'd talk to him before even responding to that text, just comes off as weird.","That sounds kinda weird, maybe try talking to her alone sometime, listen to her without judging, validate feelings, and just be supportive and make her know you're there for her if she ever needs it","(Assuming they're a really good and close old friend, as I have one like that actually)
Don't even think about it you ass, you're coming over to my place, and we're doing a pizza gaming night for you, if I see you near that bar or any alcohol I'm smacking your sober ass back to AA myself.","Contact child services, police, everyone under that umbrella immediately.",25 to 34,Bachelor's degree,Other,Man,"I realize the sober friend response can seem rude, but having a similar very close friend irl, if i got a text like that, that'd be the kind of ""rough caring"" response that would be in character for us.",surveyswap
2026-03-22,Good you?,Thank you for reaching out to me,"I find your idea very intriquing, i think you've done a great job. However, i would double check the legal section, to make sure it has nothing to limit this business plan.","Hey, i'm so happy you reached out to me! Of course I'd like to catch up. Please let me know when and where we could meet up that's comfortable for you, i'll let no one know don't worry","I think it is definitrly alarming, try and send her some subtle websites about domestic abuse","Heey, of course I remember! Maybe we should catch up there next week, if you're up for it? I'd love to hear what's going on with you","Oh you definitely need a therapist and the police involve and file against them. Make sure, better be safe than sorry",18 to 24,Bachelor's degree,Other,Woman,I tried to be accommodating and connect directly back to the person in a subtle but reassuring way,surveyswap
2026-03-22,"Good, you?","Hi love, I'm so sorry to hear. I can't imagine what you're going through right now and while I wish I could say anything to lesson the pain, please know I am here for whatever you need. Let me know if you need distance atm as I'm sure many messages flooding in or if you would prefer more check ins. Love you loads huns","This is great it's clear and I think they'll respond really well to it. I love in particular slide 4 and 6. The only thing I'm thinking isŌĆ”you know the figures on slide 7 can we take another look at themŌĆ” Ah yes, you see I overheard someone in marketing go down a similar route with the higher ups last year and I remember compliance being really strict on this point. You might want to run it by them before presenting, and if their good then it will look good to have their buy in too also.","Hey love, miss you too! So glad you reached out and for sure will keep it just between you and me. Let me know where you want to meet, wherever is easiest for you","That's so hard, because you want to me the voice of reason and hopefully anchor her if he's getting controlling or gaslighting her into thinking this is normal. But not push it so far that she backs away from you. I would likely gently enquire if she's ok when she mentions in again and don't just let her fully laugh it off or ask her questions about how she feels about it - like are you ok with him doing that, I don't think that will foster the best trust between you both. But fall short of demonising him and their relationship fully so she doesn't feel attacked","Hey hun, sorry sounds like a bad one. You doing alright? And yeh i remember, I use to love when we would all hang out. We need to get better at meeting up more! You free tonight, I know you do meetings on Tuesdays but can meet you after? Not sure I fancy a big night but be lovely just to get some food and chat, rant about all the bs","Shit hun, I'm sorry. I know where you mind is going and honestly I don't know enough. The last thing I want to do is give you bad advice. Your right though to take a breath before approaching it with her, especially if you need to get legal action later to protect her too (altho let's not jump to conclusions yet!). First I'd say get a recommendation from your GP, school or someone trusted for a child therapist. You don't need to give any details yet as you're not sure, but make sure they are legit. Just got private it quicker. I would get their advice and maybe see if they can broach the topic with your daughter. This way it's also all on record and you can't be accused of twisting anything. If your worried about her going back to his in the mean time see if you make some excuse to push the visit back or cancel just this once - you don't want to confront him (even if the worst is confirmed id go to the police first). I know it's hard but you're doing the right thing taking it step by step to make sure she's protected and has the right support.",25 to 34,Bachelor's degree,Other,Woman,,surveyswap
2026-03-22,Pretty good how are you? ... See you later!,I'm so sorry to hear this. Losing a parent is one of the hardest things we go through in life. I know you will have a lot going on these next days but if you need some time or space to be with someone I am so happy to have you over or come to you. Happy to make us dinner. Love you and thinking of you <3 <3,Do you have any thoughts about changes or whether you're looking to make any last revisions between now and when you submit it?,I'm not comfortable with you hiding this especially seeing as we haven't seen each other in a long time,I think you're right to be concerned. But I think it's also the case that people are responsible for themselves until they ask for support. Just make yourself a safe space / person and don't react judgmentally about it or she will eventually learn to hide relationship problems from you,"Hey, I'm kind of surprised to hear this... Are you still sober? Maybe we can support you in a different way or place?",,25 to 34,Graduate degree,Education,Non-binary,,surveyswap
2026-03-22,"Not too bad, you?",I'm so sorry for your loss. I'm always here if you need to talk about it.,Have you spoken to an attorney about this part? I think you should make a contingency plan for the revenue model in case it becomes a legal issue.,Tbh I would love to catch up but I'm not really comfortable with it if you feel like you need to keep it a secret from your partner,"I wouldn't worry too much about it unless she brings it up again, and if she does I would ask her how she genuinely feels about it before brushing past it again",Hey! Not sure about that bar but do you want to try somewhere new? I've got some cool places in mind,"Wow, that is pretty concerning. I would definitely contact her dad about it and let him know in case he isn't aware because that's definitely not okay, and she shouldn't be staying there anymore until you're sure it's safe. In the meantime, maybe you could get her an appointment with a child therapist to see if they can get some more information from her about what was going on.",25 to 34,Bachelor's degree,Other,Man,I think I generally try to be fully honest and give the best advice that I can without overstepping any boundaries or controlling someone else's decisions.,surveyswap
2026-03-23,Good how are you!,"I'm so sorry to hear that, I love you and if you need anything please let me know.",I love the plan!! but i think theres a slight problem here *then i would tell them*,"Sorry i dont really want to be entangled in this, please let him know if we were to hang out.","honestly its a bit worrying, keep an eye on her and hangout with her privately without him and ask her if hes been doing anything else concerning.","hey long time no talk! been thinking about you too, i do remember that bar, do you want to call and talk?","Hey, i think you should do the hard thing and ask her in a way thats understandable to her, if its what you assumed you need to report it immediately. i hope you're doing okay this seems really stressful i am here for you.",18 to 24,High school / GED,Other,Woman,,surveyswap
2026-03-23,Good.,"Sorry to hear that man. I'm hear for you, always.",It looks good! Keep it up!,"Uhhhh, I dont want to start issues with your family, sorry :nervous-face:",I think you should tell her that that man might not be right for her.,"You dont drink anymore.. right? Im doing great, thanks for asking.","I don't think you should talk with your child at all about this, except that she may stop going to dad's for a little while. You should confront your ex. This is unacceptable.",18 to 24,Some college,Technology,Man,,surveyswap
2026-03-23,I am good,I am so sorry for your loss. If you need anything or if you just want someone to talk to you can call me and I will be there for you.,"There is a problem right there. I can help you fix it, but everything else is really good.",I can't do that. I am sorry. I have moved on,Maybe you should just ask her. Tell her you are worried about her.,Aren't you sober though? I don't want you to lose your job again and be an addict. Let's get coffee instead,"I'm really sorry to hear about this situation. It sounds concerning, and it's totally understandable to feel confused about how to handle it. I think it's key to create a safe space for your daughter to talk. You could find a calm moment and gently ask her more about what she meant by ŌĆ£playing gamesŌĆØ and sharing a secret. Just let her know you're there to listen and that she can talk to you about anything.

If your gut tells you something feels off as she's explaining, it might be a good idea to reach out to a child psychologist or counselor for guidance on what to do next. You definitely want to ensure her well-being is the priority. 

Just remember, you're doing the right thing by being attentive to her feelings. You've got this, and I'm here for you if you need to talk more.",18 to 24,High school / GED,Other,Woman,,surveyswap
2026-03-23,"""Hey, I'm good! Talk later."" Because they're in a rush so usual small talk like ""I'm good, and you?"" would be kind of difficult in this situation.","""I'm so sorry to hear that, I am here for you if you need anything at all."" And if they are free I would offer to get them food.","""Are you sure you can do that? Do you have any legal solutions or ways to work around this without getting in trouble?""","""Yes of course, I missed you too. Let's go to [public space] on [random date]."" Suggesting a public area to meet so I can ask about their life, it sounds like the relationship is not so safe.","""It sounds like this could turn into something dangerous, you could invite them on a hangout and ask them 1:1.""","""Yes sure! I can't stay out late that day, how about we go to a restaurant near us instead?""","""Ask her questions but keep your tone normal so it doesn't scare her. Ask questions like, 'what games do you play?', 'does he ask to touch you/touch you at all?', 'does your dad know about this?'...etc and record it.""",18 to 24,Bachelor's degree,Other,Woman,"I noticed that I err on the side of caution and safety, especially for the other person. In most of these scenarios I would try and make a safe space for the other person to speak if there is anything potentially harmful happening in their lives.",surveyswap
2026-03-23,Good! I'll see you later,I'm here anytime you need me. Im sorry for your loss,"It's a really good plan, just needs some revisions, I see that there could be a problem here",Of course! How are you!?,"Make sure to let her know that she can trust you, but don't be too pushy.","Hey! We should hang out, can you join me to this new restaurant I found?",,18 to 24,Some college,Healthcare / social work,Woman,,surveyswap
2026-03-23,I'm fine and you?,I'm so sorry for you. RIP.... I'll come to you to talk,It's so good you are really Creative but I want to modify something simple to make it better,It's okay we can meet,Try to talk to her seriously about it when her partner is not there,"Long time no see... I hope you are in good health, I miss you and our memories. how are you now?",You should ask her what these toys are and that there are no secrets between the daughter and her mother. Be her friend and make her tell you about everything so that you protect her well,18 to 24,High school / GED,Education,Woman,Well I want everyone to be okay and I want the best for them because I don't like seeing people sad or worried,surveyswap
2026-03-23,"I'm okay.
How are you?",Oh my God. I'm so sorry. do you need me to come see you?,"It's okay, but I noticed ...",Okay ...,I think you need to have a conversation about it and clearly lay down your boundaries,"Hey, it's still open. Do you want to meet up?",,18 to 24,Bachelor's degree,Technology,Woman,,surveyswap
2026-03-23,"""I'm fine, how are you?""","""I'm so sorry to hear about your dad's passing. He was a great man and will be missed. Let me know if you need anything. I'm always here for you.""",This looks like a great plan. I think you are going to do amazing things with this. But did you notice this problem here? I'd recommend reviewing the revenue section before presenting it to the investors next week.,"Hey, it is so wonderful to hear from you. I would love to see you. I promise not to mention anything. Just promise me you'll tell me what's going on when you get here. I miss you too. See you soon.",I think you should trust your gut; it is usually right in these types of situations.,"I'm sorry to hear it has been a rough week. I do remember the bar on Fifth, it was a great place to hang out. We should get some coffee sometime to catch up.","That is quite concerning to hear. You're right to be both worried and cautious in this situation. If I were you, I would sit down with her to learn more. There is no scenario I can imagine where a situation like this is normal, and she should be aware that it is okay to tell any secret that makes her uncomfortable. If she is unwilling to say anything, then approach her dad and his friend and get the police involved if you are certain.",35 to 44,Graduate degree,Other,Woman,,surveyswap
2026-03-23,fine,I am sorry to hear that,Have you considered the risks of this project,Has something happened to you,Just stay with her and be her listener,Let's find a place to eat. Drinking alcohol is bad for your health,I suggest you find some time to have a private chat with your daughter and ask your husband about his background at the same time,18 to 24,Graduate degree,Other,Woman,Based on the other party's mood and whether it will harm my interests,surveyswap
2026-03-23,smile and say hi back,sorry to hear that,let's talk,yes sure let's fix a time,not sure,le'ts go there,,25 to 34,Graduate degree,Education,Man,no,surveyswap
2026-03-23,I'm good thank you,"Oh, sorry to hear that. Take care",Sure go ahead,"Sure, lesgooo","Chillax, don't overthink rn","Hey doing good, wanna talk",,18 to 24,Bachelor's degree,Other,Man,,surveyswap
2026-03-23,Good,Sad,Nice,Right,Follow your heart,Yup but i will have non alcoholic beer,Consult someone,25 to 34,Graduate degree,Other,Man,,surveyswap
2026-03-23,im fine how about you?,oh im sorry to hear that! can i come by to give you a hug?,i think you should think about x and y,yeah sure we will talk about every thing when ill se you,i think you should speak with her,hi how are you? why was it a rough week? do you want to grab a cup of coffee?,i think you should speak with someone professional,18 to 24,Bachelor's degree,Other,Woman,,surveyswap
2026-03-23,I would say Hi,I'll send my apologies.,I'll probably mention the problem,I'll never be with someone who is married or has a boyfriend.,Talk to that friend,I'll wanted to know why they are reaching out and acknowledge why that week was rough,,18 to 24,Graduate degree,Other,Woman,,surveyswap
2026-03-23,"Good, have a great day!","I can not put into words how sorry I am. I am here for you, just say the word and I will be there. Love you Buddy.","I love the entrepreneurial spirit and the strength you put into this. I am so sorry to say this but I think that your model will get shut down. Your entire revenue model relies on a legal grey area. Do not only take my word for it, please ask someone else as well, but I am pretty certain that it is a grey area.","Hey, thank you for reaching out and I am sorry that your husband is overly protective of you. I am excited to meet up, however, I would like you to know that I do not want to be the ""saviour"" in this dynamic. Please do not see me as more than a friend.","I think you should communicate with her, that you are concerned about the situation and see what she wants to do. The only thing you can do is be supportive and reflect the things you see and paraphrase them.","Hi there buddy, I think that place shut down, haha. Maybe you'd like to meet up this weekend? Let's go for a run or play some video games like the good old days.",I think the trauma would have already occured and the only thing you can do is ask as softly as possible what happened. Simultanously you can already just act and go after your intuition. Do not let them meet up again and maybe communicate with her dad what she told you.,25 to 34,Bachelor's degree,Other,Man,,surveyswap
2026-03-23,"Good, how are you?",I'm so sorry to hear that. My condolences. Thank you for reaching out about it. I'm here if you need anything.,"This sounds like a great idea, but I'm worried that there might be a legal issue with the revenue model.","We can hang out, but are you sure about this? I don't wish to cause you trouble.","Well, I think it's ok to feel worried about her, and it's ok to tell her that.",I'm sorry that you had a rough week. Wanna hang out sometime and chat about it?,,18 to 24,High school / GED,Education,Man,,surveyswap
2026-03-23,fine,my condolences,i think there is problem with the revenue model you should fix it before you submit,ok,it is a bad relation because every relationship should have proper communication as well as personal boundaries,it is still open. wanna hang out and talk about your week,,18 to 24,Graduate degree,,Man,,surveyswap
2026-03-23,"hey, what's up","Hey, sorry to hear that. Let me know if I could be of any help.",The plan sounds good but there's one big problem with it that I think you need to take care of.,"Yeah sure, let me know which day works for you.","Just let her know of your thoughts respectfully, once. Your job is done.",Yeah sure let's hang out (I'll talk them out of it later),Explain the situation to her dad. And also ask if it's okay with him for you to talk to her.,18 to 24,High school / GED,Healthcare / social work,Man,I think my responses are very mature.,surveyswap
2026-03-23,"Pretty good, you?",I'm so sorry and I am here to talk or listen if you need me.,"Overall, I see you put alot of effort in this but I think you need to think about the legality before going forward.",I would love to hang out but I think your husband should know.,I think you should sit down with them and let them know how you feel. Maybe discuss how they can bring it up and how they feel.,"Hey man, hope youre doing good. Want to meet up somewhere soon?",,25 to 34,Graduate degree,Education,Man,,surveyswap
2026-03-23,"Most likely smile back and give a quick ""good"", even if they won't catch it.","""I'm sorry for your loss. If there's anything you need, feel free to reach out. Can I call you?""","""Seems great, but how about you look into the model a little bit more, I noticed something there."" Point out whatever it is that could cause them an issue","""Heck yeah, pick a time and place, I miss you too!""","""If you truly feel like there's something wrong, you should trust your gut. It's best to be safe rather than sorry, talk to them, ask if they're truly okay, possibly best if it's one on one. You shouldn't invalidate your feelings, even if it turns out to be something trivial, so long as you made sure your friend was okay.""","""Hey, long time to see. If you wanna talk about it, let's go out for coffee instead.""","""Try to approach the situation as calmly as possible, you can try the approach where you tell her a secret, allow her to come to you about it. Don't force it out of her, but gently coax her instead with little secrets of your own to tell. Remind her of her personal space, ask if she's comfortable when she goes to her dad's. Try to monitor her behavior as much as possible, you never know what one gesture could mean.""",18 to 24,Some college,Other,Woman,"I feel like I definitely want to help the people I surround myself with, want to make sure they're okay or to give advice.",surveyswap
2026-03-23,"All good, how are you?","I'm so sorry to hear that, I'm here if you need anything","Looks good mostly, but there's a problem that I think you should address","Off course, let's meet and talk","I think you have every right to be concerned, have they mentioned anything to you about the situation?. It's important for them to be able to talk to you, but at the same time these situations are tricky and hard to navigate, talk first, see where their head is at",What's been happening? Let's talk or go for a walk somewhere,"Yeah that would sound concerning to anyone, especially with their age. It might be nothing and just kids being kids, but if your concerned and you have every right to be, talk to the child, try not to sound like it's a massive deal, but that your interested in the play aspect, sound interested and try and figure it out.",25 to 34,Graduate degree,Healthcare / social work,Woman,Response may of been reflected through my profession of working within mental health crisis,surveyswap
2026-03-23,"""I'm fine & you?"" With a smile.","""IÆm really sorry. IÆm here for you - no pressure to talk, but IÆm around whenever you need. Sending all my strength, you're not alone.""","""I am really happy to see your work and efforts behind this plan, kudos to you!
One thing IÆm a bit concerned about though is the revenue model - it might fall into a legal gray area, which could be risky with investors. Want to go over that together before you submit?""","ōIÆd love to catch up, but IÆm not really comfortable keeping it a secret. Is there a way we can meet that doesnÆt feel complicated?ö","ōThat does sound a bit concerning -especially the phone-checking. You donÆt have to jump to conclusions, but trusting your instinct matters here. Maybe check in with her gently and let her know youÆre there if anything feels off.ö","""Hello, how are you? I was also thinking about you. Maybe we could meet for a coffee? ThereÆs a new place youÆd love.""","ōThis is really important, and youÆre right to take it seriously. Try to stay calm and avoid asking any leading questions - just let her share in her own words. The priority is her safety. It would be best to reach out to a child protection professional or a helpline right away so you can handle this properly. You donÆt have to figure this out alone.ö",18 to 24,Bachelor's degree,Healthcare / social work,Woman,"I was mindful of what I should say because some situations were a little sensitive, and even in other situations, it's better to maintain the boundaries and not just focus on advising the person...",surveyswap
2026-03-23,I'm good and you?,Babe I'm so sorry for your loss. Please let me know when I can come and visit and if you don't want that let me know whenever you wanna be on call. I'm here for whatever you need.,"I love the enthusiasm, effort and hard work you put in this. The whole plan is clearly well thought out but what about the legal perspective. Did you have time to think about that?","Yeah, we can totally plan something soon. Is that normal though, him getting protective of you when you're just meeting your friend?",It's totally fair that you would be worried. Trust is really important in relationships and I would be worried for my friend too. I think you should definitely have a conversation about this with her just the two of you.,"Hi long time no see, and tell me more about the week you had when we meet up. I really wanted to check out this new Italian place. Would you be down?",,18 to 24,Bachelor's degree,Other,Woman,,unknown
2026-03-23,Good! How are you?,I am so sorry to hear that.,"It looks so good, but there is a problem, to be honest.","Let's go, I miss you too.",Don't contact her too much.,"Good, we can meet there.",,18 to 24,Bachelor's degree,Technology,Man,,unknown
